types,years,n
1,1,25
1,2,25
1,3,25
1,4,0.759564
1,5,0
1,6,25
1,7,14.288
1,8,25
1,9,10.0313
1,10,6.54688
2,1,0
2,2,0
2,3,0
2,4,15.8645
2,5,0
2,6,0
2,7,0
2,8,0
2,9,27
2,10,0
3,1,20.2778
3,2,19.8528
3,3,0
3,4,24
3,5,24
3,6,15.6278
3,7,13.959
3,8,0
3,9,0
3,10,0